uid,fold,label,failure_class,tau,score_A,score_B,alarm_step_A,alarm_step_B,raw_score_A,raw_score_B,task_group
ollama_llama8b/real-healthy-058,0,0,,,-1.596828847482217,-0.9646171860942528,,,354832.01664731017,9.462219582697553,"text:You are a booking assistant. Use the tools to gather every number you need; do not guess prices. Finish with a one-line answer. Task: Find the cheaper of the two routes Osaka->Bergen->Prague and Osaka->Tunis->Prague (sum the two legs of each), then add 3 hotel nights in Prague. Report the total in USD."
ollama_llama8b/real-healthy-065,0,0,,,-1.596828847482217,-0.9695783239474915,,,354832.01664731017,8.541103057495045,"text:You are a booking assistant. Use the tools to gather every number you need; do not guess prices. Finish with a one-line answer. Task: Find the cheaper of the two routes Osaka->Bergen->Prague and Osaka->Tunis->Prague (sum the two legs of each), then add 3 hotel nights in Prague. Report the total in USD."
ollama_llama8b/real-healthy-072,0,0,,,-1.596828847482217,-0.9695783239474915,,,354832.01664731017,8.541103057495045,"text:You are a booking assistant. Use the tools to gather every number you need; do not guess prices. Finish with a one-line answer. Task: Find the cheaper of the two routes Osaka->Bergen->Prague and Osaka->Tunis->Prague (sum the two legs of each), then add 3 hotel nights in Prague. Report the total in USD."
ollama_llama8b/real-healthy-101,0,0,,,-2.08582544866464,-1.0155807444095881,,,246149.95436876145,0.0,"text:You are a booking assistant. Use the tools to gather every number you need; do not guess prices. Finish with a one-line answer. Task: Find the cheaper of the two routes Osaka->Prague->Bergen and Osaka->Tunis->Bergen (sum the two legs of each), then add 3 hotel nights in Bergen. Report the total in USD."
ollama_llama8b/real-healthy-104,0,0,,,-1.3495529408163742,-1.013949062953354,,,409790.3853215662,0.30294839564324505,"text:You are a booking assistant. Use the tools to gather every number you need; do not guess prices. Finish with a one-line answer. Task: Find the cheaper of the two routes Tunis->Bergen->Cusco and Tunis->Lisbon->Cusco (sum the two legs of each), then add 3 hotel nights in Cusco. Report the total in USD."
ollama_llama8b/real-healthy-111,0,0,,,-1.3495529408163742,-1.013949062953354,,,409790.3853215662,0.30294839564324505,"text:You are a booking assistant. Use the tools to gather every number you need; do not guess prices. Finish with a one-line answer. Task: Find the cheaper of the two routes Tunis->Bergen->Cusco and Tunis->Lisbon->Cusco (sum the two legs of each), then add 3 hotel nights in Cusco. Report the total in USD."
ollama_llama8b/real-healthy-119,0,0,,,-2.3481289844103395,-1.0122715786404075,,,187851.61622312944,0.6144008420642844,"text:You are a booking assistant. Use the tools to gather every number you need; do not guess prices. Finish with a one-line answer. Task: Find the cheaper of the two routes Tunis->Cusco->Lisbon and Tunis->Bergen->Lisbon (sum the two legs of each), then add 3 hotel nights in Lisbon. Report the total in USD."
ollama_llama8b/real-healthy-126,0,0,,,-2.3481289844103395,-1.0122715786404075,,,187851.61622312944,0.6144008420642844,"text:You are a booking assistant. Use the tools to gather every number you need; do not guess prices. Finish with a one-line answer. Task: Find the cheaper of the two routes Tunis->Cusco->Lisbon and Tunis->Bergen->Lisbon (sum the two legs of each), then add 3 hotel nights in Lisbon. Report the total in USD."
ollama_llama8b/real-healthy-133,0,0,,,-2.3481289844103395,-1.0122715786404075,,,187851.61622312944,0.6144008420642844,"text:You are a booking assistant. Use the tools to gather every number you need; do not guess prices. Finish with a one-line answer. Task: Find the cheaper of the two routes Tunis->Cusco->Lisbon and Tunis->Bergen->Lisbon (sum the two legs of each), then add 3 hotel nights in Lisbon. Report the total in USD."
ollama_llama8b/real-tool_cascade-058,0,1,tool_cascade,3.0,-1.678932394860302,-0.9012841875759365,,,336584.07212610485,21.22102839865578,"text:You are a booking assistant. Use the tools to gather every number you need; do not guess prices. Finish with a one-line answer. Task: Find the cheaper of the two routes Osaka->Bergen->Prague and Osaka->Tunis->Prague (sum the two legs of each), then add 3 hotel nights in Prague. Report the total in USD."
ollama_llama8b/real-looping-058,0,1,looping,3.0,-1.0203805567662945,-0.9036462354650829,,,482950.6761235937,20.78247550849729,"text:You are a booking assistant. Use the tools to gather every number you need; do not guess prices. Finish with a one-line answer. Task: Find the cheaper of the two routes Osaka->Bergen->Prague and Osaka->Tunis->Prague (sum the two legs of each), then add 3 hotel nights in Prague. Report the total in USD."
ollama_llama8b/real-goal_drift-048,0,1,goal_drift,2.0,-1.9141474574043942,-0.9914463815476526,,,284306.2893880341,4.4809398801225,"text:You are a booking assistant. Use the tools to gather every number you need; do not guess prices. Finish with a one-line answer. Task: Price a two-city trip: flight Bergen->Cusco, 2 hotel nights in Cusco, flight Cusco->Bergen. Use the calculator for the total."
ollama_llama8b/real-goal_drift-055,0,1,goal_drift,2.0,-1.9141474574043942,-1.0155807444095881,,,284306.2893880341,0.0,"text:You are a booking assistant. Use the tools to gather every number you need; do not guess prices. Finish with a one-line answer. Task: Price a two-city trip: flight Bergen->Cusco, 2 hotel nights in Cusco, flight Cusco->Bergen. Use the calculator for the total."
ollama_llama8b/real-goal_drift-058,0,1,goal_drift,2.0,-0.532432504936374,-0.9833772316844418,,,591399.6928027349,5.979109756310654,"text:You are a booking assistant. Use the tools to gather every number you need; do not guess prices. Finish with a one-line answer. Task: Find the cheaper of the two routes Osaka->Bergen->Prague and Osaka->Tunis->Prague (sum the two legs of each), then add 3 hotel nights in Prague. Report the total in USD."
ollama_llama8b/real-context_corruption-048,0,1,context_corruption,2.0,0.69466133262661,-0.8925133468096974,,,864127.7415318338,22.8494786874194,"text:You are a booking assistant. Use the tools to gather every number you need; do not guess prices. Finish with a one-line answer. Task: Price a two-city trip: flight Bergen->Cusco, 2 hotel nights in Cusco, flight Cusco->Bergen. Use the calculator for the total."
ollama_llama8b/real-context_corruption-055,0,1,context_corruption,2.0,0.4296673453824175,-0.87039314012587,,,805231.4364134057,26.956457473358043,"text:You are a booking assistant. Use the tools to gather every number you need; do not guess prices. Finish with a one-line answer. Task: Price a two-city trip: flight Bergen->Cusco, 2 hotel nights in Cusco, flight Cusco->Bergen. Use the calculator for the total."
ollama_llama8b/real-context_corruption-058,0,1,context_corruption,3.0,-1.7962472407007406,-0.8645875517004565,,,310510.2316311023,28.034360082672112,"text:You are a booking assistant. Use the tools to gather every number you need; do not guess prices. Finish with a one-line answer. Task: Find the cheaper of the two routes Osaka->Bergen->Prague and Osaka->Tunis->Prague (sum the two legs of each), then add 3 hotel nights in Prague. Report the total in USD."
ollama_llama8b/real-healthy-000,1,0,,,-1.8456565948557486,-0.30019964676911903,,,110451.30184776384,4.349080486992452,"text:You are a booking assistant. Use the tools to gather every number you need; do not guess prices. Finish with a one-line answer. Task: Price a two-city trip: flight Cusco->Osaka, 2 hotel nights in Osaka, flight Osaka->Cusco. Use the calculator for the total."
ollama_llama8b/real-healthy-001,1,0,,,33.8181599841393,418.3093847562229,4.0,3.0,2885078.030462167,3359.784592815182,"text:You are a booking assistant. Use the tools to gather every number you need; do not guess prices. Finish with a one-line answer. Task: Compute the total price of item-1, item-3 and item-6 with 8% tax added, using the catalog and the calculator. Report the total."
ollama_llama8b/real-healthy-007,1,0,,,62.499914720374875,1058.1834250759136,4.0,3.0,5116503.911044813,8488.802556815395,"text:You are a booking assistant. Use the tools to gather every number you need; do not guess prices. Finish with a one-line answer. Task: Compute the total price of item-1, item-3 and item-6 with 8% tax added, using the catalog and the calculator. Report the total."
ollama_llama8b/real-healthy-010,1,0,,,70.56563107221962,1060.4080680244722,4.0,3.0,5744012.5268341685,8506.634556439794,"text:You are a booking assistant. Use the tools to gather every number you need; do not guess prices. Finish with a one-line answer. Task: Compute the total price of item-1, item-3 and item-6 with 8% tax added, using the catalog and the calculator. Report the total."
ollama_llama8b/real-healthy-011,1,0,,,84.82713875435901,855.6102308736826,4.0,3.0,6853550.546063143,6865.04305632207,"text:You are a booking assistant. Use the tools to gather every number you need; do not guess prices. Finish with a one-line answer. Task: Compute the total price of item-1, item-3 and item-6 with 8% tax added, using the catalog and the calculator. Report the total."
ollama_llama8b/real-healthy-013,1,0,,,54.70880773070463,1054.1068287464789,4.0,3.0,4510359.763484184,8456.125913463522,"text:You are a booking assistant. Use the tools to gather every number you need; do not guess prices. Finish with a one-line answer. Task: Compute the total price of item-1, item-3 and item-6 with 8% tax added, using the catalog and the calculator. Report the total."
ollama_llama8b/real-healthy-017,1,0,,,57.09706947205777,1065.2147718479791,4.0,3.0,4696165.30809851,8545.163499176833,"text:You are a booking assistant. Use the tools to gather every number you need; do not guess prices. Finish with a one-line answer. Task: Compute the total price of item-1, item-3 and item-6 with 8% tax added, using the catalog and the calculator. Report the total."
ollama_llama8b/real-healthy-020,1,0,,,54.70880773070463,994.0672201739928,4.0,3.0,4510359.763484184,7974.868335384612,"text:You are a booking assistant. Use the tools to gather every number you need; do not guess prices. Finish with a one-line answer. Task: Compute the total price of item-1, item-3 and item-6 with 8% tax added, using the catalog and the calculator. Report the total."
ollama_llama8b/real-healthy-024,1,0,,,57.09706947205777,1004.9518768791296,4.0,3.0,4696165.30809851,8062.116131442614,"text:You are a booking assistant. Use the tools to gather every number you need; do not guess prices. Finish with a one-line answer. Task: Compute the total price of item-1, item-3 and item-6 with 8% tax added, using the catalog and the calculator. Report the total."
ollama_llama8b/real-healthy-028,1,0,,,-1.1113652978865989,-0.3594964112290149,,,167578.7900022285,3.873777300806082,"text:You are a booking assistant. Use the tools to gather every number you need; do not guess prices. Finish with a one-line answer. Task: Find the cheaper of the two routes Cusco->Prague->Lisbon and Cusco->Bergen->Lisbon (sum the two legs of each), then add 3 hotel nights in Lisbon. Report the total in USD."
ollama_llama8b/real-healthy-031,1,0,,,57.09706947205777,1000.0554198153544,4.0,3.0,4696165.30809851,8022.867756516337,"text:You are a booking assistant. Use the tools to gather every number you need; do not guess prices. Finish with a one-line answer. Task: Compute the total price of item-1, item-3 and item-6 with 8% tax added, using the catalog and the calculator. Report the total."
ollama_llama8b/real-healthy-035,1,0,,,-1.1113652978865989,-0.3594964112290149,,,167578.7900022285,3.873777300806082,"text:You are a booking assistant. Use the tools to gather every number you need; do not guess prices. Finish with a one-line answer. Task: Find the cheaper of the two routes Cusco->Prague->Lisbon and Cusco->Bergen->Lisbon (sum the two legs of each), then add 3 hotel nights in Lisbon. Report the total in USD."
ollama_llama8b/real-healthy-037,1,0,,,46.30369062980676,1063.608832271696,4.0,3.0,3856445.9426335953,8532.290820466911,"text:You are a booking assistant. Use the tools to gather every number you need; do not guess prices. Finish with a one-line answer. Task: Compute the total price of item-1, item-3 and item-6 with 8% tax added, using the catalog and the calculator. Report the total."
ollama_llama8b/real-healthy-039,1,0,,,4.587039513933157,12.291486634097497,4.0,3.0,610911.7761485348,105.2798591436063,"text:You are a booking assistant. Use the tools to gather every number you need; do not guess prices. Finish with a one-line answer. Task: Compute the total price of item-1, item-3 and item-6 with 8% tax added, using the catalog and the calculator. Report the total."
ollama_llama8b/real-healthy-042,1,0,,,-1.1113652978865989,-0.3594964112290149,,,167578.7900022285,3.873777300806082,"text:You are a booking assistant. Use the tools to gather every number you need; do not guess prices. Finish with a one-line answer. Task: Find the cheaper of the two routes Cusco->Prague->Lisbon and Cusco->Bergen->Lisbon (sum the two legs of each), then add 3 hotel nights in Lisbon. Report the total in USD."
ollama_llama8b/real-healthy-044,1,0,,,46.30369062980676,998.483565179327,4.0,3.0,3856445.9426335953,8010.268291376364,"text:You are a booking assistant. Use the tools to gather every number you need; do not guess prices. Finish with a one-line answer. Task: Compute the total price of item-1, item-3 and item-6 with 8% tax added, using the catalog and the calculator. Report the total."
ollama_llama8b/real-healthy-046,1,0,,,4.587039513933157,10.084854262069857,4.0,3.0,610911.7761485348,87.59222632384134,"text:You are a booking assistant. Use the tools to gather every number you need; do not guess prices. Finish with a one-line answer. Task: Compute the total price of item-1, item-3 and item-6 with 8% tax added, using the catalog and the calculator. Report the total."
ollama_llama8b/real-healthy-051,1,0,,,46.30369062980676,997.9956960998747,4.0,3.0,3856445.9426335953,8006.357694735593,"text:You are a booking assistant. Use the tools to gather every number you need; do not guess prices. Finish with a one-line answer. Task: Compute the total price of item-1, item-3 and item-6 with 8% tax added, using the catalog and the calculator. Report the total."
ollama_llama8b/real-healthy-053,1,0,,,4.587039513933157,9.98799161185943,4.0,3.0,610911.7761485348,86.81580746377674,"text:You are a booking assistant. Use the tools to gather every number you need; do not guess prices. Finish with a one-line answer. Task: Compute the total price of item-1, item-3 and item-6 with 8% tax added, using the catalog and the calculator. Report the total."
ollama_llama8b/real-healthy-057,1,0,,,-0.029280109484478505,-0.034439092837405726,,,251764.4654115898,6.47932889425302,"text:You are a booking assistant. Use the tools to gather every number you need; do not guess prices. Finish with a one-line answer. Task: Find the cheaper of the two routes Prague->Cusco->Tunis and Prague->Bergen->Tunis (sum the two legs of each), then add 3 hotel nights in Tunis. Report the total in USD."
ollama_llama8b/real-healthy-060,1,0,,,4.587039513933157,10.13894934851323,4.0,3.0,610911.7761485348,88.02583458523226,"text:You are a booking assistant. Use the tools to gather every number you need; do not guess prices. Finish with a one-line answer. Task: Compute the total price of item-1, item-3 and item-6 with 8% tax added, using the catalog and the calculator. Report the total."
ollama_llama8b/real-healthy-064,1,0,,,-0.029280109484478505,0.01987223828177232,,,251764.4654115898,6.914670501204059,"text:You are a booking assistant. Use the tools to gather every number you need; do not guess prices. Finish with a one-line answer. Task: Find the cheaper of the two routes Prague->Cusco->Tunis and Prague->Bergen->Tunis (sum the two legs of each), then add 3 hotel nights in Tunis. Report the total in USD."
ollama_llama8b/real-healthy-069,1,0,,,91.2278700545837,1020.7215531873394,4.0,3.0,7351524.17457104,8188.520623537443,"text:You are a booking assistant. Use the tools to gather every number you need; do not guess prices. Finish with a one-line answer. Task: Compute the total price of item-1, item-3 and item-6 with 8% tax added, using the catalog and the calculator. Report the total."
ollama_llama8b/real-healthy-071,1,0,,,-0.029280109484478505,-0.034439092837405726,,,251764.4654115898,6.47932889425302,"text:You are a booking assistant. Use the tools to gather every number you need; do not guess prices. Finish with a one-line answer. Task: Find the cheaper of the two routes Prague->Cusco->Tunis and Prague->Bergen->Tunis (sum the two legs of each), then add 3 hotel nights in Tunis. Report the total in USD."
ollama_llama8b/real-healthy-076,1,0,,,91.2278700545837,968.162597780087,4.0,3.0,7351524.17457104,7767.225478764575,"text:You are a booking assistant. Use the tools to gather every number you need; do not guess prices. Finish with a one-line answer. Task: Compute the total price of item-1, item-3 and item-6 with 8% tax added, using the catalog and the calculator. Report the total."
ollama_llama8b/real-healthy-083,1,0,,,91.2278700545837,967.2345076547042,4.0,3.0,7351524.17457104,7759.786216307668,"text:You are a booking assistant. Use the tools to gather every number you need; do not guess prices. Finish with a one-line answer. Task: Compute the total price of item-1, item-3 and item-6 with 8% tax added, using the catalog and the calculator. Report the total."
ollama_llama8b/real-healthy-087,1,0,,,75.92803239910934,1039.0682786435807,4.0,3.0,6161204.613334206,8335.581886405096,"text:You are a booking assistant. Use the tools to gather every number you need; do not guess prices. Finish with a one-line answer. Task: Compute the total price of item-1, item-3 and item-6 with 8% tax added, using the catalog and the calculator. Report the total."
ollama_llama8b/real-healthy-090,1,0,,,91.2278700545837,967.2345076547042,4.0,3.0,7351524.17457104,7759.786216307668,"text:You are a booking assistant. Use the tools to gather every number you need; do not guess prices. Finish with a one-line answer. Task: Compute the total price of item-1, item-3 and item-6 with 8% tax added, using the catalog and the calculator. Report the total."
ollama_llama8b/real-healthy-094,1,0,,,75.92803239910934,986.4499495401694,4.0,3.0,6161204.613334206,7913.810821787073,"text:You are a booking assistant. Use the tools to gather every number you need; do not guess prices. Finish with a one-line answer. Task: Compute the total price of item-1, item-3 and item-6 with 8% tax added, using the catalog and the calculator. Report the total."
ollama_llama8b/real-healthy-097,1,0,,,5.139070782768788,11.947880845279801,4.0,3.0,653859.5271316526,102.52562916656282,"text:You are a booking assistant. Use the tools to gather every number you need; do not guess prices. Finish with a one-line answer. Task: Compute the total price of item-1, item-3 and item-6 with 8% tax added, using the catalog and the calculator. Report the total."
ollama_llama8b/real-healthy-127,1,0,,,0.36488316698625295,-0.8092516875458929,,,282430.16715754516,0.26868825784282224,"text:You are a booking assistant. Use the tools to gather every number you need; do not guess prices. Finish with a one-line answer. Task: Find the cheaper of the two routes Osaka->Prague->Tunis and Osaka->Cusco->Tunis (sum the two legs of each), then add 3 hotel nights in Tunis. Report the total in USD."
ollama_llama8b/real-healthy-134,1,0,,,0.36488316698625295,-0.8092516875458929,,,282430.16715754516,0.26868825784282224,"text:You are a booking assistant. Use the tools to gather every number you need; do not guess prices. Finish with a one-line answer. Task: Find the cheaper of the two routes Osaka->Prague->Tunis and Osaka->Cusco->Tunis (sum the two legs of each), then add 3 hotel nights in Tunis. Report the total in USD."
ollama_llama8b/real-tool_cascade-001,1,1,tool_cascade,3.0,52.522513612853444,1060.7361569195175,4.0,3.0,4340267.196902987,8509.264408145664,"text:You are a booking assistant. Use the tools to gather every number you need; do not guess prices. Finish with a one-line answer. Task: Compute the total price of item-1, item-3 and item-6 with 8% tax added, using the catalog and the calculator. Report the total."
ollama_llama8b/real-tool_cascade-007,1,1,tool_cascade,5.0,15.95055839008902,115.80883128838805,4.0,3.0,1494987.7452770418,935.0405414994509,"text:You are a booking assistant. Use the tools to gather every number you need; do not guess prices. Finish with a one-line answer. Task: Compute the total price of item-1, item-3 and item-6 with 8% tax added, using the catalog and the calculator. Report the total."
ollama_llama8b/real-tool_cascade-010,1,1,tool_cascade,3.0,64.50192174795107,1057.1881301030103,4.0,3.0,5272259.0360545805,8480.824602602797,"text:You are a booking assistant. Use the tools to gather every number you need; do not guess prices. Finish with a one-line answer. Task: Compute the total price of item-1, item-3 and item-6 with 8% tax added, using the catalog and the calculator. Report the total."
ollama_llama8b/real-tool_cascade-011,1,1,tool_cascade,3.0,15.603635249973085,125.31752029487369,4.0,3.0,1467997.3020302176,1011.2590371021008,"text:You are a booking assistant. Use the tools to gather every number you need; do not guess prices. Finish with a one-line answer. Task: Compute the total price of item-1, item-3 and item-6 with 8% tax added, using the catalog and the calculator. Report the total."
ollama_llama8b/real-tool_cascade-013,1,1,tool_cascade,5.0,19.647612049549675,206.7957307793842,4.0,3.0,1782616.6331707414,1664.3613336741796,"text:You are a booking assistant. Use the tools to gather every number you need; do not guess prices. Finish with a one-line answer. Task: Compute the total price of item-1, item-3 and item-6 with 8% tax added, using the catalog and the calculator. Report the total."
ollama_llama8b/real-tool_cascade-017,1,1,tool_cascade,4.0,15.377411220506684,122.90785839753133,4.0,3.0,1450397.1879924503,991.943986983079,"text:You are a booking assistant. Use the tools to gather every number you need; do not guess prices. Finish with a one-line answer. Task: Compute the total price of item-1, item-3 and item-6 with 8% tax added, using the catalog and the calculator. Report the total."
ollama_llama8b/real-tool_cascade-020,1,1,tool_cascade,2.0,15.683488245336061,181.31470838436545,4.0,3.0,1474209.8243160273,1460.1139140728985,"text:You are a booking assistant. Use the tools to gather every number you need; do not guess prices. Finish with a one-line answer. Task: Compute the total price of item-1, item-3 and item-6 with 8% tax added, using the catalog and the calculator. Report the total."
ollama_llama8b/real-tool_cascade-024,1,1,tool_cascade,2.0,13.216452084372875,181.65907853722388,4.0,3.0,1282275.6700590125,1462.8742709384371,"text:You are a booking assistant. Use the tools to gather every number you need; do not guess prices. Finish with a one-line answer. Task: Compute the total price of item-1, item-3 and item-6 with 8% tax added, using the catalog and the calculator. Report the total."
ollama_llama8b/real-tool_cascade-028,1,1,tool_cascade,3.0,-0.9207304548891374,19.002388592801253,,3.0,182410.0834958558,159.07222222125029,"text:You are a booking assistant. Use the tools to gather every number you need; do not guess prices. Finish with a one-line answer. Task: Find the cheaper of the two routes Cusco->Prague->Lisbon and Cusco->Bergen->Lisbon (sum the two legs of each), then add 3 hotel nights in Lisbon. Report the total in USD."
ollama_llama8b/real-tool_cascade-031,1,1,tool_cascade,2.0,13.216452084372875,156.1037774432935,4.0,3.0,1282275.6700590125,1258.031457936183,"text:You are a booking assistant. Use the tools to gather every number you need; do not guess prices. Finish with a one-line answer. Task: Compute the total price of item-1, item-3 and item-6 with 8% tax added, using the catalog and the calculator. Report the total."
ollama_llama8b/real-tool_cascade-035,1,1,tool_cascade,3.0,-0.9207304548891374,2.7127279268836633,,3.0,182410.0834958558,28.499708072659104,"text:You are a booking assistant. Use the tools to gather every number you need; do not guess prices. Finish with a one-line answer. Task: Find the cheaper of the two routes Cusco->Prague->Lisbon and Cusco->Bergen->Lisbon (sum the two legs of each), then add 3 hotel nights in Lisbon. Report the total in USD."
ollama_llama8b/real-tool_cascade-037,1,1,tool_cascade,5.0,44.41368965259936,1061.393012688777,4.0,3.0,3709404.8311795965,8514.529546013431,"text:You are a booking assistant. Use the tools to gather every number you need; do not guess prices. Finish with a one-line answer. Task: Compute the total price of item-1, item-3 and item-6 with 8% tax added, using the catalog and the calculator. Report the total."
ollama_llama8b/real-tool_cascade-039,1,1,tool_cascade,3.0,3.2705214486956913,25.23971248760259,4.0,3.0,508487.3425655343,209.06854069627462,"text:You are a booking assistant. Use the tools to gather every number you need; do not guess prices. Finish with a one-line answer. Task: Compute the total price of item-1, item-3 and item-6 with 8% tax added, using the catalog and the calculator. Report the total."
ollama_llama8b/real-tool_cascade-044,1,1,tool_cascade,4.0,40.948254748635954,1068.602011936936,4.0,3.0,3439795.764255635,8572.314491668983,"text:You are a booking assistant. Use the tools to gather every number you need; do not guess prices. Finish with a one-line answer. Task: Compute the total price of item-1, item-3 and item-6 with 8% tax added, using the catalog and the calculator. Report the total."
ollama_llama8b/real-tool_cascade-046,1,1,tool_cascade,3.0,3.2705214486956913,10.23948231943993,4.0,3.0,508487.3425655343,88.83167351815683,"text:You are a booking assistant. Use the tools to gather every number you need; do not guess prices. Finish with a one-line answer. Task: Compute the total price of item-1, item-3 and item-6 with 8% tax added, using the catalog and the calculator. Report the total."
ollama_llama8b/real-tool_cascade-051,1,1,tool_cascade,3.0,46.07018230426262,1044.1595610347376,4.0,3.0,3838279.1140785622,8376.391916502575,"text:You are a booking assistant. Use the tools to gather every number you need; do not guess prices. Finish with a one-line answer. Task: Compute the total price of item-1, item-3 and item-6 with 8% tax added, using the catalog and the calculator. Report the total."
ollama_llama8b/real-tool_cascade-053,1,1,tool_cascade,3.0,3.2705214486956913,10.23948231943993,4.0,3.0,508487.3425655343,88.83167351815683,"text:You are a booking assistant. Use the tools to gather every number you need; do not guess prices. Finish with a one-line answer. Task: Compute the total price of item-1, item-3 and item-6 with 8% tax added, using the catalog and the calculator. Report the total."
ollama_llama8b/real-looping-001,1,1,looping,3.0,142.92001713972437,1036.7880376805522,3.0,3.0,11373146.836414035,8317.304231546994,"text:You are a booking assistant. Use the tools to gather every number you need; do not guess prices. Finish with a one-line answer. Task: Compute the total price of item-1, item-3 and item-6 with 8% tax added, using the catalog and the calculator. Report the total."
ollama_llama8b/real-looping-007,1,1,looping,2.0,5.795046048432437,13.141590205172882,3.0,3.0,704894.0680195808,112.09400726114514,"text:You are a booking assistant. Use the tools to gather every number you need; do not guess prices. Finish with a one-line answer. Task: Compute the total price of item-1, item-3 and item-6 with 8% tax added, using the catalog and the calculator. Report the total."
ollama_llama8b/real-looping-010,1,1,looping,2.0,27.004167819848178,95.38897519524238,3.0,3.0,2354952.917639932,771.3617514180205,"text:You are a booking assistant. Use the tools to gather every number you need; do not guess prices. Finish with a one-line answer. Task: Compute the total price of item-1, item-3 and item-6 with 8% tax added, using the catalog and the calculator. Report the total."
ollama_llama8b/real-looping-011,1,1,looping,2.0,27.57045831460114,96.06435303982292,3.0,3.0,2399010.029122141,776.7753560949826,"text:You are a booking assistant. Use the tools to gather every number you need; do not guess prices. Finish with a one-line answer. Task: Compute the total price of item-1, item-3 and item-6 with 8% tax added, using the catalog and the calculator. Report the total."
ollama_llama8b/real-looping-013,1,1,looping,2.0,27.02504484933719,95.11514949767138,3.0,3.0,2356577.1398794665,769.166855495778,"text:You are a booking assistant. Use the tools to gather every number you need; do not guess prices. Finish with a one-line answer. Task: Compute the total price of item-1, item-3 and item-6 with 8% tax added, using the catalog and the calculator. Report the total."
ollama_llama8b/real-looping-017,1,1,looping,3.0,109.9769234353061,1046.0715505919459,3.0,3.0,8810190.95890533,8391.717790296427,"text:You are a booking assistant. Use the tools to gather every number you need; do not guess prices. Finish with a one-line answer. Task: Compute the total price of item-1, item-3 and item-6 with 8% tax added, using the catalog and the calculator. Report the total."
ollama_llama8b/real-looping-020,1,1,looping,3.0,103.11663996447784,1063.8148391121513,3.0,3.0,8276464.406059535,8533.94210293631,"text:You are a booking assistant. Use the tools to gather every number you need; do not guess prices. Finish with a one-line answer. Task: Compute the total price of item-1, item-3 and item-6 with 8% tax added, using the catalog and the calculator. Report the total."
ollama_llama8b/real-looping-024,1,1,looping,2.0,15.422157170746907,39.11409407712693,3.0,3.0,1453878.4000847898,320.28097928264174,"text:You are a booking assistant. Use the tools to gather every number you need; do not guess prices. Finish with a one-line answer. Task: Compute the total price of item-1, item-3 and item-6 with 8% tax added, using the catalog and the calculator. Report the total."
ollama_llama8b/real-looping-028,1,1,looping,3.0,2.4629468573695195,15.725998564234324,4.0,3.0,445658.451510639,132.8097670274201,"text:You are a booking assistant. Use the tools to gather every number you need; do not guess prices. Finish with a one-line answer. Task: Find the cheaper of the two routes Cusco->Prague->Lisbon and Cusco->Bergen->Lisbon (sum the two legs of each), then add 3 hotel nights in Lisbon. Report the total in USD."
ollama_llama8b/real-looping-031,1,1,looping,2.0,15.422157170746907,25.119293519364003,3.0,3.0,1453878.4000847898,208.10330220809732,"text:You are a booking assistant. Use the tools to gather every number you need; do not guess prices. Finish with a one-line answer. Task: Compute the total price of item-1, item-3 and item-6 with 8% tax added, using the catalog and the calculator. Report the total."
ollama_llama8b/real-looping-035,1,1,looping,2.0,88.01704857144948,1071.8123156158085,3.0,3.0,7101723.901844183,8598.047220614522,"text:You are a booking assistant. Use the tools to gather every number you need; do not guess prices. Finish with a one-line answer. Task: Find the cheaper of the two routes Cusco->Prague->Lisbon and Cusco->Bergen->Lisbon (sum the two legs of each), then add 3 hotel nights in Lisbon. Report the total in USD."
ollama_llama8b/real-looping-037,1,1,looping,2.0,26.406993528101786,96.4592885051755,3.0,3.0,2308493.062513355,779.9410277252962,"text:You are a booking assistant. Use the tools to gather every number you need; do not guess prices. Finish with a one-line answer. Task: Compute the total price of item-1, item-3 and item-6 with 8% tax added, using the catalog and the calculator. Report the total."
ollama_llama8b/real-looping-039,1,1,looping,3.0,27.255249923513187,211.565328722646,4.0,3.0,2374486.977163892,1702.592847988819,"text:You are a booking assistant. Use the tools to gather every number you need; do not guess prices. Finish with a one-line answer. Task: Compute the total price of item-1, item-3 and item-6 with 8% tax added, using the catalog and the calculator. Report the total."
ollama_llama8b/real-looping-042,1,1,looping,3.0,2.4629468573695195,2.4872518570241127,4.0,3.0,445658.451510639,26.69236672125186,"text:You are a booking assistant. Use the tools to gather every number you need; do not guess prices. Finish with a one-line answer. Task: Find the cheaper of the two routes Cusco->Prague->Lisbon and Cusco->Bergen->Lisbon (sum the two legs of each), then add 3 hotel nights in Lisbon. Report the total in USD."
ollama_llama8b/real-looping-044,1,1,looping,3.0,90.10689428960808,1031.7858234116843,4.0,3.0,7264312.832152287,8277.208141960387,"text:You are a booking assistant. Use the tools to gather every number you need; do not guess prices. Finish with a one-line answer. Task: Compute the total price of item-1, item-3 and item-6 with 8% tax added, using the catalog and the calculator. Report the total."
ollama_llama8b/real-looping-046,1,1,looping,2.0,26.737645036496254,95.50132331751713,3.0,3.0,2334217.5811165688,772.2622966832746,"text:You are a booking assistant. Use the tools to gather every number you need; do not guess prices. Finish with a one-line answer. Task: Compute the total price of item-1, item-3 and item-6 with 8% tax added, using the catalog and the calculator. Report the total."
ollama_llama8b/real-looping-051,1,1,looping,2.0,26.406993528101786,77.10803893529507,3.0,3.0,2308493.062513355,624.8278329156117,"text:You are a booking assistant. Use the tools to gather every number you need; do not guess prices. Finish with a one-line answer. Task: Compute the total price of item-1, item-3 and item-6 with 8% tax added, using the catalog and the calculator. Report the total."
ollama_llama8b/real-looping-053,1,1,looping,3.0,27.255249923513187,180.96540961588008,4.0,3.0,2374486.977163892,1457.314051060063,"text:You are a booking assistant. Use the tools to gather every number you need; do not guess prices. Finish with a one-line answer. Task: Compute the total price of item-1, item-3 and item-6 with 8% tax added, using the catalog and the calculator. Report the total."
ollama_llama8b/real-looping-057,1,1,looping,2.0,8.226929555652818,36.07760571163023,3.0,3.0,894093.363755762,295.94149620823987,"text:You are a booking assistant. Use the tools to gather every number you need; do not guess prices. Finish with a one-line answer. Task: Find the cheaper of the two routes Prague->Cusco->Tunis and Prague->Bergen->Tunis (sum the two legs of each), then add 3 hotel nights in Tunis. Report the total in USD."
ollama_llama8b/real-goal_drift-000,1,1,goal_drift,3.0,4.279818831656468,29.411572511776612,7.0,3.0,587010.1638592291,242.50878621177077,"text:You are a booking assistant. Use the tools to gather every number you need; do not guess prices. Finish with a one-line answer. Task: Price a two-city trip: flight Cusco->Osaka, 2 hotel nights in Osaka, flight Osaka->Cusco. Use the calculator for the total."
ollama_llama8b/real-goal_drift-001,1,1,goal_drift,3.0,5.861922879059228,18.760005484953535,4.0,3.0,710097.0513113746,157.1293596639569,"text:You are a booking assistant. Use the tools to gather every number you need; do not guess prices. Finish with a one-line answer. Task: Compute the total price of item-1, item-3 and item-6 with 8% tax added, using the catalog and the calculator. Report the total."
ollama_llama8b/real-goal_drift-007,1,1,goal_drift,2.0,23.340493590279905,25.904885613068572,4.0,3.0,2069920.9323564782,214.4003477312665,"text:You are a booking assistant. Use the tools to gather every number you need; do not guess prices. Finish with a one-line answer. Task: Compute the total price of item-1, item-3 and item-6 with 8% tax added, using the catalog and the calculator. Report the total."
ollama_llama8b/real-goal_drift-010,1,1,goal_drift,3.0,5.183727441983864,19.044708090158817,4.0,3.0,657333.7924278057,159.41144126827703,"text:You are a booking assistant. Use the tools to gather every number you need; do not guess prices. Finish with a one-line answer. Task: Compute the total price of item-1, item-3 and item-6 with 8% tax added, using the catalog and the calculator. Report the total."
ollama_llama8b/real-goal_drift-011,1,1,goal_drift,3.0,5.335553249817627,19.239463195713984,4.0,3.0,669145.7627921089,160.97253356462045,"text:You are a booking assistant. Use the tools to gather every number you need; do not guess prices. Finish with a one-line answer. Task: Compute the total price of item-1, item-3 and item-6 with 8% tax added, using the catalog and the calculator. Report the total."
ollama_llama8b/real-goal_drift-013,1,1,goal_drift,2.0,22.76489788101388,25.910390203258252,4.0,3.0,2025139.8799341219,214.44447069952008,"text:You are a booking assistant. Use the tools to gather every number you need; do not guess prices. Finish with a one-line answer. Task: Compute the total price of item-1, item-3 and item-6 with 8% tax added, using the catalog and the calculator. Report the total."
ollama_llama8b/real-goal_drift-017,1,1,goal_drift,3.0,6.667718149697153,18.99721032493575,4.0,3.0,772787.5121248108,159.0307149444567,"text:You are a booking assistant. Use the tools to gather every number you need; do not guess prices. Finish with a one-line answer. Task: Compute the total price of item-1, item-3 and item-6 with 8% tax added, using the catalog and the calculator. Report the total."
ollama_llama8b/real-goal_drift-020,1,1,goal_drift,3.0,5.99921467016045,18.95613564945048,4.0,3.0,720778.2825914042,158.70147397646218,"text:You are a booking assistant. Use the tools to gather every number you need; do not guess prices. Finish with a one-line answer. Task: Compute the total price of item-1, item-3 and item-6 with 8% tax added, using the catalog and the calculator. Report the total."
ollama_llama8b/real-goal_drift-024,1,1,goal_drift,2.0,23.36470513826123,25.925889694671035,4.0,3.0,2071804.578432924,214.56870947915445,"text:You are a booking assistant. Use the tools to gather every number you need; do not guess prices. Finish with a one-line answer. Task: Compute the total price of item-1, item-3 and item-6 with 8% tax added, using the catalog and the calculator. Report the total."
ollama_llama8b/real-goal_drift-028,1,1,goal_drift,3.0,0.9982166708999399,18.38296393302368,,3.0,331703.19053667807,154.10711970551674,"text:You are a booking assistant. Use the tools to gather every number you need; do not guess prices. Finish with a one-line answer. Task: Find the cheaper of the two routes Cusco->Prague->Lisbon and Cusco->Bergen->Lisbon (sum the two legs of each), then add 3 hotel nights in Lisbon. Report the total in USD."
ollama_llama8b/real-goal_drift-031,1,1,goal_drift,3.0,6.667718149697153,2.107554201688273,4.0,4.0,772787.5121248108,23.648836319341363,"text:You are a booking assistant. Use the tools to gather every number you need; do not guess prices. Finish with a one-line answer. Task: Compute the total price of item-1, item-3 and item-6 with 8% tax added, using the catalog and the calculator. Report the total."
ollama_llama8b/real-goal_drift-035,1,1,goal_drift,2.0,-1.1676888639363012,2.300460428125586,,4.0,163196.84530861359,25.195108614229497,"text:You are a booking assistant. Use the tools to gather every number you need; do not guess prices. Finish with a one-line answer. Task: Find the cheaper of the two routes Cusco->Prague->Lisbon and Cusco->Bergen->Lisbon (sum the two legs of each), then add 3 hotel nights in Lisbon. Report the total in USD."
ollama_llama8b/real-goal_drift-037,1,1,goal_drift,2.0,21.858935319491238,25.87652052908339,4.0,3.0,1954656.4550108006,214.17298263103882,"text:You are a booking assistant. Use the tools to gather every number you need; do not guess prices. Finish with a one-line answer. Task: Compute the total price of item-1, item-3 and item-6 with 8% tax added, using the catalog and the calculator. Report the total."
ollama_llama8b/real-goal_drift-039,1,1,goal_drift,2.0,21.002407913668982,26.181244545966436,4.0,3.0,1888019.0599714569,216.61554922723107,"text:You are a booking assistant. Use the tools to gather every number you need; do not guess prices. Finish with a one-line answer. Task: Compute the total price of item-1, item-3 and item-6 with 8% tax added, using the catalog and the calculator. Report the total."
ollama_llama8b/real-goal_drift-042,1,1,goal_drift,2.0,-1.1676888639363012,-0.3636436922333282,,,163196.84530861359,3.840534072557203,"text:You are a booking assistant. Use the tools to gather every number you need; do not guess prices. Finish with a one-line answer. Task: Find the cheaper of the two routes Cusco->Prague->Lisbon and Cusco->Bergen->Lisbon (sum the two legs of each), then add 3 hotel nights in Lisbon. Report the total in USD."
ollama_llama8b/real-goal_drift-044,1,1,goal_drift,2.0,21.858935319491238,12.659363625434464,4.0,4.0,1954656.4550108006,108.2286390256077,"text:You are a booking assistant. Use the tools to gather every number you need; do not guess prices. Finish with a one-line answer. Task: Compute the total price of item-1, item-3 and item-6 with 8% tax added, using the catalog and the calculator. Report the total."
ollama_llama8b/real-goal_drift-046,1,1,goal_drift,2.0,21.002407913668982,12.92803657405208,4.0,4.0,1888019.0599714569,110.38223222218772,"text:You are a booking assistant. Use the tools to gather every number you need; do not guess prices. Finish with a one-line answer. Task: Compute the total price of item-1, item-3 and item-6 with 8% tax added, using the catalog and the calculator. Report the total."
ollama_llama8b/real-goal_drift-051,1,1,goal_drift,2.0,21.858935319491238,12.578700522908678,4.0,4.0,1954656.4550108006,107.5820703639379,"text:You are a booking assistant. Use the tools to gather every number you need; do not guess prices. Finish with a one-line answer. Task: Compute the total price of item-1, item-3 and item-6 with 8% tax added, using the catalog and the calculator. Report the total."
ollama_llama8b/real-goal_drift-053,1,1,goal_drift,3.0,4.954230818726831,18.730563125881613,4.0,3.0,639479.0722633142,156.89335948412935,"text:You are a booking assistant. Use the tools to gather every number you need; do not guess prices. Finish with a one-line answer. Task: Compute the total price of item-1, item-3 and item-6 with 8% tax added, using the catalog and the calculator. Report the total."
ollama_llama8b/real-goal_drift-057,1,1,goal_drift,2.0,-1.4410630915886808,2.096508536051225,,4.0,141928.4699153487,23.560297929116224,"text:You are a booking assistant. Use the tools to gather every number you need; do not guess prices. Finish with a one-line answer. Task: Find the cheaper of the two routes Prague->Cusco->Tunis and Prague->Bergen->Tunis (sum the two legs of each), then add 3 hotel nights in Tunis. Report the total in USD."
ollama_llama8b/real-context_corruption-001,1,1,context_corruption,3.0,12.811868921879807,63.40118951136987,4.0,3.0,1250799.3064983673,514.9582765728758,"text:You are a booking assistant. Use the tools to gather every number you need; do not guess prices. Finish with a one-line answer. Task: Compute the total price of item-1, item-3 and item-6 with 8% tax added, using the catalog and the calculator. Report the total."
ollama_llama8b/real-context_corruption-007,1,1,context_corruption,2.0,15.066576082321552,118.2118762422802,4.0,3.0,1426214.3728781259,954.3025523956188,"text:You are a booking assistant. Use the tools to gather every number you need; do not guess prices. Finish with a one-line answer. Task: Compute the total price of item-1, item-3 and item-6 with 8% tax added, using the catalog and the calculator. Report the total."
ollama_llama8b/real-context_corruption-010,1,1,context_corruption,2.0,72.97632735164781,987.1062061473119,4.0,3.0,5931563.46706114,7919.071156970144,"text:You are a booking assistant. Use the tools to gather every number you need; do not guess prices. Finish with a one-line answer. Task: Compute the total price of item-1, item-3 and item-6 with 8% tax added, using the catalog and the calculator. Report the total."
ollama_llama8b/real-context_corruption-011,1,1,context_corruption,4.0,18.17700135382548,61.35217693464888,4.0,3.0,1668203.8715779227,498.53407172591295,"text:You are a booking assistant. Use the tools to gather every number you need; do not guess prices. Finish with a one-line answer. Task: Compute the total price of item-1, item-3 and item-6 with 8% tax added, using the catalog and the calculator. Report the total."
ollama_llama8b/real-context_corruption-012,1,1,context_corruption,2.0,0.10021720106224573,1.4676992455447535,,,261839.29008243678,18.519971327764225,"text:You are a booking assistant. Use the tools to gather every number you need; do not guess prices. Finish with a one-line answer. Task: Price a two-city trip: flight Cusco->Osaka, 2 hotel nights in Osaka, flight Osaka->Cusco. Use the calculator for the total."
ollama_llama8b/real-context_corruption-013,1,1,context_corruption,2.0,26.620016888269344,121.01669154280918,4.0,3.0,2325066.171216709,976.7850210623089,"text:You are a booking assistant. Use the tools to gather every number you need; do not guess prices. Finish with a one-line answer. Task: Compute the total price of item-1, item-3 and item-6 with 8% tax added, using the catalog and the calculator. Report the total."
ollama_llama8b/real-context_corruption-017,1,1,context_corruption,2.0,26.866287394681972,200.8718848617736,4.0,3.0,2344225.8909300594,1616.8777506361585,"text:You are a booking assistant. Use the tools to gather every number you need; do not guess prices. Finish with a one-line answer. Task: Compute the total price of item-1, item-3 and item-6 with 8% tax added, using the catalog and the calculator. Report the total."
ollama_llama8b/real-context_corruption-020,1,1,context_corruption,3.0,11.561102465139193,63.333584158273304,4.0,3.0,1153490.3144997149,514.416374497396,"text:You are a booking assistant. Use the tools to gather every number you need; do not guess prices. Finish with a one-line answer. Task: Compute the total price of item-1, item-3 and item-6 with 8% tax added, using the catalog and the calculator. Report the total."
ollama_llama8b/real-context_corruption-024,1,1,context_corruption,3.0,45.824573929627945,570.9917749263968,4.0,3.0,3819170.907879614,4583.635964528993,"text:You are a booking assistant. Use the tools to gather every number you need; do not guess prices. Finish with a one-line answer. Task: Compute the total price of item-1, item-3 and item-6 with 8% tax added, using the catalog and the calculator. Report the total."
ollama_llama8b/real-context_corruption-028,1,1,context_corruption,3.0,-0.9311770809413024,15.064601548155148,,3.0,181597.34132049233,127.50822803216505,"text:You are a booking assistant. Use the tools to gather every number you need; do not guess prices. Finish with a one-line answer. Task: Find the cheaper of the two routes Cusco->Prague->Lisbon and Cusco->Bergen->Lisbon (sum the two legs of each), then add 3 hotel nights in Lisbon. Report the total in USD."
ollama_llama8b/real-context_corruption-031,1,1,context_corruption,3.0,78.10352270311463,1009.1557148355995,4.0,3.0,6330456.648711981,8095.812701451467,"text:You are a booking assistant. Use the tools to gather every number you need; do not guess prices. Finish with a one-line answer. Task: Compute the total price of item-1, item-3 and item-6 with 8% tax added, using the catalog and the calculator. Report the total."
ollama_llama8b/real-context_corruption-035,1,1,context_corruption,3.0,-1.5206960540698404,15.032936135156946,,3.0,135733.0660754493,127.25440858978837,"text:You are a booking assistant. Use the tools to gather every number you need; do not guess prices. Finish with a one-line answer. Task: Find the cheaper of the two routes Cusco->Prague->Lisbon and Cusco->Bergen->Lisbon (sum the two legs of each), then add 3 hotel nights in Lisbon. Report the total in USD."
ollama_llama8b/real-context_corruption-037,1,1,context_corruption,2.0,39.67874895861284,319.04745723229286,4.0,3.0,3341028.8616913296,2564.1339220094674,"text:You are a booking assistant. Use the tools to gather every number you need; do not guess prices. Finish with a one-line answer. Task: Compute the total price of item-1, item-3 and item-6 with 8% tax added, using the catalog and the calculator. Report the total."
ollama_llama8b/real-context_corruption-039,1,1,context_corruption,3.0,11.216593583390832,60.6273500881874,4.0,3.0,1126687.6993217575,492.7241002596019,"text:You are a booking assistant. Use the tools to gather every number you need; do not guess prices. Finish with a one-line answer. Task: Compute the total price of item-1, item-3 and item-6 with 8% tax added, using the catalog and the calculator. Report the total."
ollama_llama8b/real-context_corruption-042,1,1,context_corruption,2.0,-0.8836537503728655,2.5098390894575937,,4.0,185294.63218491495,26.87341848083019,"text:You are a booking assistant. Use the tools to gather every number you need; do not guess prices. Finish with a one-line answer. Task: Find the cheaper of the two routes Cusco->Prague->Lisbon and Cusco->Bergen->Lisbon (sum the two legs of each), then add 3 hotel nights in Lisbon. Report the total in USD."
ollama_llama8b/real-context_corruption-044,1,1,context_corruption,3.0,10.44974345817831,64.42949125252711,4.0,3.0,1067027.1509465415,523.2008020864489,"text:You are a booking assistant. Use the tools to gather every number you need; do not guess prices. Finish with a one-line answer. Task: Compute the total price of item-1, item-3 and item-6 with 8% tax added, using the catalog and the calculator. Report the total."
ollama_llama8b/real-context_corruption-046,1,1,context_corruption,3.0,41.9143274932906,1054.3281897877803,4.0,3.0,3514955.7307490525,8457.900270111586,"text:You are a booking assistant. Use the tools to gather every number you need; do not guess prices. Finish with a one-line answer. Task: Compute the total price of item-1, item-3 and item-6 with 8% tax added, using the catalog and the calculator. Report the total."
ollama_llama8b/real-context_corruption-051,1,1,context_corruption,2.0,13.266942146697936,50.08336415976356,4.0,3.0,1286203.771140012,408.2070080956004,"text:You are a booking assistant. Use the tools to gather every number you need; do not guess prices. Finish with a one-line answer. Task: Compute the total price of item-1, item-3 and item-6 with 8% tax added, using the catalog and the calculator. Report the total."
ollama_llama8b/real-context_corruption-053,1,1,context_corruption,2.0,29.27808422248073,198.79992543919383,4.0,3.0,2531862.4532585894,1600.2696114877385,"text:You are a booking assistant. Use the tools to gather every number you need; do not guess prices. Finish with a one-line answer. Task: Compute the total price of item-1, item-3 and item-6 with 8% tax added, using the catalog and the calculator. Report the total."
ollama_llama8b/real-context_corruption-057,1,1,context_corruption,2.0,-1.0396867966512813,2.0563087448027537,,,173155.34081680587,23.238069742832167,"text:You are a booking assistant. Use the tools to gather every number you need; do not guess prices. Finish with a one-line answer. Task: Find the cheaper of the two routes Prague->Cusco->Tunis and Prague->Bergen->Tunis (sum the two legs of each), then add 3 hotel nights in Tunis. Report the total in USD."
ollama_llama8b/real-healthy-002,2,0,,,-2.1091222179627733,-0.8639674080879616,,,289706.3510347388,8148897.684745428,"text:You are a booking assistant. Use the tools to gather every number you need; do not guess prices. Finish with a one-line answer. Task: Find the cheaper of the two routes Prague->Tunis->Osaka and Prague->Bergen->Osaka (sum the two legs of each), then add 3 hotel nights in Osaka. Report the total in USD."
ollama_llama8b/real-healthy-029,2,0,,,-2.176560738852971,-0.9425887729722222,,,283594.66269170365,5818527.012820818,"text:You are a booking assistant. Use the tools to gather every number you need; do not guess prices. Finish with a one-line answer. Task: Find the cheaper of the two routes Bergen->Tunis->Prague and Bergen->Cusco->Prague (sum the two legs of each), then add 3 hotel nights in Prague. Report the total in USD."
ollama_llama8b/real-healthy-036,2,0,,,-2.176560738852971,-0.9425887729722222,,,283594.66269170365,5818527.012820818,"text:You are a booking assistant. Use the tools to gather every number you need; do not guess prices. Finish with a one-line answer. Task: Find the cheaper of the two routes Bergen->Tunis->Prague and Bergen->Cusco->Prague (sum the two legs of each), then add 3 hotel nights in Prague. Report the total in USD."
ollama_llama8b/real-healthy-043,2,0,,,-2.176560738852971,-0.9425887729722222,,,283594.66269170365,5818527.012820818,"text:You are a booking assistant. Use the tools to gather every number you need; do not guess prices. Finish with a one-line answer. Task: Find the cheaper of the two routes Bergen->Tunis->Prague and Bergen->Cusco->Prague (sum the two legs of each), then add 3 hotel nights in Prague. Report the total in USD."
ollama_llama8b/real-healthy-050,2,0,,,-2.176560738852971,-0.9425887729722222,,,283594.66269170365,5818527.012820818,"text:You are a booking assistant. Use the tools to gather every number you need; do not guess prices. Finish with a one-line answer. Task: Find the cheaper of the two routes Bergen->Tunis->Prague and Bergen->Cusco->Prague (sum the two legs of each), then add 3 hotel nights in Prague. Report the total in USD."
ollama_llama8b/real-healthy-077,2,0,,,-3.256401931696785,-1.0713273532583567,,,185732.89550706794,2002660.7748629027,"text:You are a booking assistant. Use the tools to gather every number you need; do not guess prices. Finish with a one-line answer. Task: Price a two-city trip: flight Prague->Bergen, 2 hotel nights in Bergen, flight Bergen->Prague. Use the calculator for the total."
ollama_llama8b/real-healthy-084,2,0,,,-3.256401931696785,-1.0713273532583567,,,185732.89550706794,2002660.7748629027,"text:You are a booking assistant. Use the tools to gather every number you need; do not guess prices. Finish with a one-line answer. Task: Price a two-city trip: flight Prague->Bergen, 2 hotel nights in Bergen, flight Bergen->Prague. Use the calculator for the total."
ollama_llama8b/real-healthy-091,2,0,,,-3.256401931696785,-1.0713273532583567,,,185732.89550706794,2002660.7748629027,"text:You are a booking assistant. Use the tools to gather every number you need; do not guess prices. Finish with a one-line answer. Task: Price a two-city trip: flight Prague->Bergen, 2 hotel nights in Bergen, flight Bergen->Prague. Use the calculator for the total."
ollama_llama8b/real-healthy-108,2,0,,,-2.513662215888232,-0.9629210650792486,,,253044.47949639283,5215869.232852616,"text:You are a booking assistant. Use the tools to gather every number you need; do not guess prices. Finish with a one-line answer. Task: Find the cheaper of the two routes Prague->Cusco->Tunis and Prague->Lisbon->Tunis (sum the two legs of each), then add 3 hotel nights in Tunis. Report the total in USD."
ollama_llama8b/real-healthy-115,2,0,,,-2.513662215888232,-0.9629210650792486,,,253044.47949639283,5215869.232852616,"text:You are a booking assistant. Use the tools to gather every number you need; do not guess prices. Finish with a one-line answer. Task: Find the cheaper of the two routes Prague->Cusco->Tunis and Prague->Lisbon->Tunis (sum the two legs of each), then add 3 hotel nights in Tunis. Report the total in USD."
ollama_llama8b/real-healthy-122,2,0,,,-2.513662215888232,-0.9629210650792486,,,253044.47949639283,5215869.232852616,"text:You are a booking assistant. Use the tools to gather every number you need; do not guess prices. Finish with a one-line answer. Task: Find the cheaper of the two routes Prague->Cusco->Tunis and Prague->Lisbon->Tunis (sum the two legs of each), then add 3 hotel nights in Tunis. Report the total in USD."
ollama_llama8b/real-tool_cascade-002,2,1,tool_cascade,3.0,0.5744548783981177,-0.7947799958257246,,,532908.4058984441,10199641.99120241,"text:You are a booking assistant. Use the tools to gather every number you need; do not guess prices. Finish with a one-line answer. Task: Find the cheaper of the two routes Prague->Tunis->Osaka and Prague->Bergen->Osaka (sum the two legs of each), then add 3 hotel nights in Osaka. Report the total in USD."
ollama_llama8b/real-tool_cascade-036,2,1,tool_cascade,3.0,-2.2299385994802776,-0.9812208592898265,,,278757.23677746655,4673455.554415906,"text:You are a booking assistant. Use the tools to gather every number you need; do not guess prices. Finish with a one-line answer. Task: Find the cheaper of the two routes Bergen->Tunis->Prague and Bergen->Cusco->Prague (sum the two legs of each), then add 3 hotel nights in Prague. Report the total in USD."
ollama_llama8b/real-looping-002,2,1,looping,3.0,8.03066804805958,-0.7280376564301364,4.0,,1208635.727771378,12177913.29865276,"text:You are a booking assistant. Use the tools to gather every number you need; do not guess prices. Finish with a one-line answer. Task: Find the cheaper of the two routes Prague->Tunis->Osaka and Prague->Bergen->Osaka (sum the two legs of each), then add 3 hotel nights in Osaka. Report the total in USD."
ollama_llama8b/real-looping-029,2,1,looping,2.0,3.4644677214207915,-0.8291252816736654,4.0,,794818.9218879918,9181633.12075438,"text:You are a booking assistant. Use the tools to gather every number you need; do not guess prices. Finish with a one-line answer. Task: Find the cheaper of the two routes Bergen->Tunis->Prague and Bergen->Cusco->Prague (sum the two legs of each), then add 3 hotel nights in Prague. Report the total in USD."
ollama_llama8b/real-looping-036,2,1,looping,2.0,3.4644677214207915,-0.8291252816736654,4.0,,794818.9218879918,9181633.12075438,"text:You are a booking assistant. Use the tools to gather every number you need; do not guess prices. Finish with a one-line answer. Task: Find the cheaper of the two routes Bergen->Tunis->Prague and Bergen->Cusco->Prague (sum the two legs of each), then add 3 hotel nights in Prague. Report the total in USD."
ollama_llama8b/real-looping-043,2,1,looping,2.0,3.4644677214207915,-0.8291252816736654,4.0,,794818.9218879918,9181633.12075438,"text:You are a booking assistant. Use the tools to gather every number you need; do not guess prices. Finish with a one-line answer. Task: Find the cheaper of the two routes Bergen->Tunis->Prague and Bergen->Cusco->Prague (sum the two legs of each), then add 3 hotel nights in Prague. Report the total in USD."
ollama_llama8b/real-looping-050,2,1,looping,2.0,3.4644677214207915,-0.8291252816736654,4.0,,794818.9218879918,9181633.12075438,"text:You are a booking assistant. Use the tools to gather every number you need; do not guess prices. Finish with a one-line answer. Task: Find the cheaper of the two routes Bergen->Tunis->Prague and Bergen->Cusco->Prague (sum the two legs of each), then add 3 hotel nights in Prague. Report the total in USD."
ollama_llama8b/real-goal_drift-014,2,1,goal_drift,2.0,-3.2209404306303293,-1.0578724627210354,,,188946.63210498742,2401469.4491753844,"text:You are a booking assistant. Use the tools to gather every number you need; do not guess prices. Finish with a one-line answer. Task: Price a two-city trip: flight Prague->Osaka, 2 hotel nights in Osaka, flight Osaka->Prague. Use the calculator for the total."
ollama_llama8b/real-goal_drift-029,2,1,goal_drift,2.0,-0.3166250913582762,-0.9298601225674404,,,452153.3271691913,6195809.620928057,"text:You are a booking assistant. Use the tools to gather every number you need; do not guess prices. Finish with a one-line answer. Task: Find the cheaper of the two routes Bergen->Tunis->Prague and Bergen->Cusco->Prague (sum the two legs of each), then add 3 hotel nights in Prague. Report the total in USD."
ollama_llama8b/real-goal_drift-036,2,1,goal_drift,2.0,-0.3166250913582762,-0.9298601225674404,,,452153.3271691913,6195809.620928057,"text:You are a booking assistant. Use the tools to gather every number you need; do not guess prices. Finish with a one-line answer. Task: Find the cheaper of the two routes Bergen->Tunis->Prague and Bergen->Cusco->Prague (sum the two legs of each), then add 3 hotel nights in Prague. Report the total in USD."
ollama_llama8b/real-goal_drift-043,2,1,goal_drift,3.0,-1.1236320235457513,-0.9718242347150867,,,379017.45771219,4951975.500696351,"text:You are a booking assistant. Use the tools to gather every number you need; do not guess prices. Finish with a one-line answer. Task: Find the cheaper of the two routes Bergen->Tunis->Prague and Bergen->Cusco->Prague (sum the two legs of each), then add 3 hotel nights in Prague. Report the total in USD."
ollama_llama8b/real-goal_drift-050,2,1,goal_drift,2.0,-0.3166250913582762,-0.9298601225674404,,,452153.3271691913,6195809.620928057,"text:You are a booking assistant. Use the tools to gather every number you need; do not guess prices. Finish with a one-line answer. Task: Find the cheaper of the two routes Bergen->Tunis->Prague and Bergen->Cusco->Prague (sum the two legs of each), then add 3 hotel nights in Prague. Report the total in USD."
ollama_llama8b/real-context_corruption-002,2,1,context_corruption,3.0,0.2827127949388817,-0.7953130048726283,,,506468.9664339619,10183843.376505204,"text:You are a booking assistant. Use the tools to gather every number you need; do not guess prices. Finish with a one-line answer. Task: Find the cheaper of the two routes Prague->Tunis->Osaka and Prague->Bergen->Osaka (sum the two legs of each), then add 3 hotel nights in Osaka. Report the total in USD."
ollama_llama8b/real-context_corruption-021,2,1,context_corruption,2.0,-3.219121929806603,-1.0372218159915403,,,189111.43569408546,3013563.395465107,"text:You are a booking assistant. Use the tools to gather every number you need; do not guess prices. Finish with a one-line answer. Task: Price a two-city trip: flight Prague->Osaka, 2 hotel nights in Osaka, flight Osaka->Prague. Use the calculator for the total."
ollama_llama8b/real-context_corruption-029,2,1,context_corruption,3.0,-2.382404401374209,-0.817647679067773,,,264939.85982663115,9521834.140364654,"text:You are a booking assistant. Use the tools to gather every number you need; do not guess prices. Finish with a one-line answer. Task: Find the cheaper of the two routes Bergen->Tunis->Prague and Bergen->Cusco->Prague (sum the two legs of each), then add 3 hotel nights in Prague. Report the total in USD."
ollama_llama8b/real-context_corruption-036,2,1,context_corruption,3.0,-2.40141160569189,-0.8799769275521696,,,263217.3115333316,7674368.723235816,"text:You are a booking assistant. Use the tools to gather every number you need; do not guess prices. Finish with a one-line answer. Task: Find the cheaper of the two routes Bergen->Tunis->Prague and Bergen->Cusco->Prague (sum the two legs of each), then add 3 hotel nights in Prague. Report the total in USD."
ollama_llama8b/real-context_corruption-043,2,1,context_corruption,2.0,-2.231077331111892,-0.9527674790397057,,,278654.0380010563,5516825.838684199,"text:You are a booking assistant. Use the tools to gather every number you need; do not guess prices. Finish with a one-line answer. Task: Find the cheaper of the two routes Bergen->Tunis->Prague and Bergen->Cusco->Prague (sum the two legs of each), then add 3 hotel nights in Prague. Report the total in USD."
ollama_llama8b/real-context_corruption-050,2,1,context_corruption,3.0,-2.171749967689297,-0.9223198978043805,,,284030.64399221155,6419305.087757232,"text:You are a booking assistant. Use the tools to gather every number you need; do not guess prices. Finish with a one-line answer. Task: Find the cheaper of the two routes Bergen->Tunis->Prague and Bergen->Cusco->Prague (sum the two legs of each), then add 3 hotel nights in Prague. Report the total in USD."
ollama_llama8b/real-healthy-027,3,0,,,-1.7639810914485272,-0.7516789420306808,,,125965.11631773916,100220.25835227499,"text:You are a booking assistant. Use the tools to gather every number you need; do not guess prices. Finish with a one-line answer. Task: Find the cheaper of the two routes Cusco->Tunis->Bergen and Cusco->Osaka->Bergen (sum the two legs of each), then add 3 hotel nights in Bergen. Report the total in USD."
ollama_llama8b/real-healthy-034,3,0,,,-1.7639810914485272,-0.7516789420306808,,,125965.11631773916,100220.25835227499,"text:You are a booking assistant. Use the tools to gather every number you need; do not guess prices. Finish with a one-line answer. Task: Find the cheaper of the two routes Cusco->Tunis->Bergen and Cusco->Osaka->Bergen (sum the two legs of each), then add 3 hotel nights in Bergen. Report the total in USD."
ollama_llama8b/real-healthy-041,3,0,,,-1.7639810914485272,-0.7516789420306808,,,125965.11631773916,100220.25835227499,"text:You are a booking assistant. Use the tools to gather every number you need; do not guess prices. Finish with a one-line answer. Task: Find the cheaper of the two routes Cusco->Tunis->Bergen and Cusco->Osaka->Bergen (sum the two legs of each), then add 3 hotel nights in Bergen. Report the total in USD."
ollama_llama8b/real-healthy-079,3,0,,,-2.722581323064507,-1.6358924374943469,,,86325.38635172918,46103.17414111196,"text:You are a booking assistant. Use the tools to gather every number you need; do not guess prices. Finish with a one-line answer. Task: Find the cheaper of the two routes Tunis->Bergen->Lisbon and Tunis->Cusco->Lisbon (sum the two legs of each), then add 3 hotel nights in Lisbon. Report the total in USD."
ollama_llama8b/real-healthy-086,3,0,,,-2.722581323064507,-1.6358924374943469,,,86325.38635172918,46103.17414111196,"text:You are a booking assistant. Use the tools to gather every number you need; do not guess prices. Finish with a one-line answer. Task: Find the cheaper of the two routes Tunis->Bergen->Lisbon and Tunis->Cusco->Lisbon (sum the two legs of each), then add 3 hotel nights in Lisbon. Report the total in USD."
ollama_llama8b/real-healthy-089,3,0,,,-2.5675913339925835,-1.3374639720768187,,,92734.48277338235,64368.08242046332,"text:You are a booking assistant. Use the tools to gather every number you need; do not guess prices. Finish with a one-line answer. Task: Price a two-city trip: flight Prague->Lisbon, 2 hotel nights in Lisbon, flight Lisbon->Prague. Use the calculator for the total."
ollama_llama8b/real-healthy-093,3,0,,,-2.722581323064507,-1.6358924374943469,,,86325.38635172918,46103.17414111196,"text:You are a booking assistant. Use the tools to gather every number you need; do not guess prices. Finish with a one-line answer. Task: Find the cheaper of the two routes Tunis->Bergen->Lisbon and Tunis->Cusco->Lisbon (sum the two legs of each), then add 3 hotel nights in Lisbon. Report the total in USD."
ollama_llama8b/real-healthy-096,3,0,,,-2.5675913339925835,-1.3374639720768187,,,92734.48277338235,64368.08242046332,"text:You are a booking assistant. Use the tools to gather every number you need; do not guess prices. Finish with a one-line answer. Task: Price a two-city trip: flight Prague->Lisbon, 2 hotel nights in Lisbon, flight Lisbon->Prague. Use the calculator for the total."
ollama_llama8b/real-healthy-107,3,0,,,5.403002444990958,2.93771129343056,4.0,4.0,422331.9256355062,326024.369106772,"text:You are a booking assistant. Use the tools to gather every number you need; do not guess prices. Finish with a one-line answer. Task: Price a two-city trip: flight Tunis->Bergen, 2 hotel nights in Bergen, flight Bergen->Tunis. Use the calculator for the total."
ollama_llama8b/real-healthy-114,3,0,,,5.403002444990958,2.93771129343056,4.0,4.0,422331.9256355062,326024.369106772,"text:You are a booking assistant. Use the tools to gather every number you need; do not guess prices. Finish with a one-line answer. Task: Price a two-city trip: flight Tunis->Bergen, 2 hotel nights in Bergen, flight Bergen->Tunis. Use the calculator for the total."
ollama_llama8b/real-healthy-121,3,0,,,5.403002444990958,2.93771129343056,4.0,4.0,422331.9256355062,326024.369106772,"text:You are a booking assistant. Use the tools to gather every number you need; do not guess prices. Finish with a one-line answer. Task: Price a two-city trip: flight Tunis->Bergen, 2 hotel nights in Bergen, flight Bergen->Tunis. Use the calculator for the total."
ollama_llama8b/real-healthy-128,3,0,,,4.531244510955671,2.335416831095156,4.0,4.0,386283.27056410944,289161.7558291605,"text:You are a booking assistant. Use the tools to gather every number you need; do not guess prices. Finish with a one-line answer. Task: Price a two-city trip: flight Cusco->Bergen, 2 hotel nights in Bergen, flight Bergen->Cusco. Use the calculator for the total."
ollama_llama8b/real-healthy-135,3,0,,,4.531244510955671,2.335416831095156,4.0,4.0,386283.27056410944,289161.7558291605,"text:You are a booking assistant. Use the tools to gather every number you need; do not guess prices. Finish with a one-line answer. Task: Price a two-city trip: flight Cusco->Bergen, 2 hotel nights in Bergen, flight Bergen->Cusco. Use the calculator for the total."
ollama_llama8b/real-tool_cascade-027,3,1,tool_cascade,3.0,1.7300630905103085,1.8372897421332965,5.0,,270449.7130183599,258674.56494199293,"text:You are a booking assistant. Use the tools to gather every number you need; do not guess prices. Finish with a one-line answer. Task: Find the cheaper of the two routes Cusco->Tunis->Bergen and Cusco->Osaka->Bergen (sum the two legs of each), then add 3 hotel nights in Bergen. Report the total in USD."
ollama_llama8b/real-tool_cascade-041,3,1,tool_cascade,3.0,1.7300630905103085,1.8372897421332965,5.0,,270449.7130183599,258674.56494199293,"text:You are a booking assistant. Use the tools to gather every number you need; do not guess prices. Finish with a one-line answer. Task: Find the cheaper of the two routes Cusco->Tunis->Bergen and Cusco->Osaka->Bergen (sum the two legs of each), then add 3 hotel nights in Bergen. Report the total in USD."
ollama_llama8b/real-looping-027,3,1,looping,3.0,-0.15749421563250598,0.7157814169770631,,,192396.0474306339,190034.1734671104,"text:You are a booking assistant. Use the tools to gather every number you need; do not guess prices. Finish with a one-line answer. Task: Find the cheaper of the two routes Cusco->Tunis->Bergen and Cusco->Osaka->Bergen (sum the two legs of each), then add 3 hotel nights in Bergen. Report the total in USD."
ollama_llama8b/real-looping-034,3,1,looping,3.0,-0.15749421563250598,0.7157814169770631,,,192396.0474306339,190034.1734671104,"text:You are a booking assistant. Use the tools to gather every number you need; do not guess prices. Finish with a one-line answer. Task: Find the cheaper of the two routes Cusco->Tunis->Bergen and Cusco->Osaka->Bergen (sum the two legs of each), then add 3 hotel nights in Bergen. Report the total in USD."
ollama_llama8b/real-looping-041,3,1,looping,2.0,0.27294367137142417,1.8041211359746245,,,210195.37716708967,256644.5255206714,"text:You are a booking assistant. Use the tools to gather every number you need; do not guess prices. Finish with a one-line answer. Task: Find the cheaper of the two routes Cusco->Tunis->Bergen and Cusco->Osaka->Bergen (sum the two legs of each), then add 3 hotel nights in Bergen. Report the total in USD."
ollama_llama8b/real-goal_drift-027,3,1,goal_drift,2.0,-3.3128002725845804,-0.8627744351959366,,,61918.84125799672,93420.80981416807,"text:You are a booking assistant. Use the tools to gather every number you need; do not guess prices. Finish with a one-line answer. Task: Find the cheaper of the two routes Cusco->Tunis->Bergen and Cusco->Osaka->Bergen (sum the two legs of each), then add 3 hotel nights in Bergen. Report the total in USD."
ollama_llama8b/real-goal_drift-041,3,1,goal_drift,2.0,-3.3128002725845804,-0.8627744351959366,,,61918.84125799672,93420.80981416807,"text:You are a booking assistant. Use the tools to gather every number you need; do not guess prices. Finish with a one-line answer. Task: Find the cheaper of the two routes Cusco->Tunis->Bergen and Cusco->Osaka->Bergen (sum the two legs of each), then add 3 hotel nights in Bergen. Report the total in USD."
ollama_llama8b/real-context_corruption-027,3,1,context_corruption,2.0,-2.5331130572080327,-1.2277767583062684,,,94160.21743978128,71081.3391338728,"text:You are a booking assistant. Use the tools to gather every number you need; do not guess prices. Finish with a one-line answer. Task: Find the cheaper of the two routes Cusco->Tunis->Bergen and Cusco->Osaka->Bergen (sum the two legs of each), then add 3 hotel nights in Bergen. Report the total in USD."
ollama_llama8b/real-context_corruption-034,3,1,context_corruption,3.0,-1.7142216037201594,-0.6067352902080347,,,128022.75472814761,109091.33739800524,"text:You are a booking assistant. Use the tools to gather every number you need; do not guess prices. Finish with a one-line answer. Task: Find the cheaper of the two routes Cusco->Tunis->Bergen and Cusco->Osaka->Bergen (sum the two legs of each), then add 3 hotel nights in Bergen. Report the total in USD."
ollama_llama8b/real-context_corruption-041,3,1,context_corruption,2.0,-1.1123626761219125,-0.4081508321092914,,,152910.6324698508,121245.42902530215,"text:You are a booking assistant. Use the tools to gather every number you need; do not guess prices. Finish with a one-line answer. Task: Find the cheaper of the two routes Cusco->Tunis->Bergen and Cusco->Osaka->Bergen (sum the two legs of each), then add 3 hotel nights in Bergen. Report the total in USD."
ollama_llama8b/real-healthy-047,4,0,,,-3.9543332922271768,-1.3541805132138338,,,63062.0129146572,19632.30814061689,"text:You are a booking assistant. Use the tools to gather every number you need; do not guess prices. Finish with a one-line answer. Task: Find the cheaper of the two routes Tunis->Bergen->Cusco and Tunis->Osaka->Cusco (sum the two legs of each), then add 3 hotel nights in Cusco. Report the total in USD."
ollama_llama8b/real-healthy-054,4,0,,,-3.9543332922271768,-1.3541805132138338,,,63062.0129146572,19632.30814061689,"text:You are a booking assistant. Use the tools to gather every number you need; do not guess prices. Finish with a one-line answer. Task: Find the cheaper of the two routes Tunis->Bergen->Cusco and Tunis->Osaka->Cusco (sum the two legs of each), then add 3 hotel nights in Cusco. Report the total in USD."
ollama_llama8b/real-healthy-061,4,0,,,-3.9543332922271768,-1.3541805132138338,,,63062.0129146572,19632.30814061689,"text:You are a booking assistant. Use the tools to gather every number you need; do not guess prices. Finish with a one-line answer. Task: Find the cheaper of the two routes Tunis->Bergen->Cusco and Tunis->Osaka->Cusco (sum the two legs of each), then add 3 hotel nights in Cusco. Report the total in USD."
ollama_llama8b/real-healthy-078,4,0,,,-3.6701166176838913,0.19494708986619208,,,82088.54571536908,61945.68285923214,"text:You are a booking assistant. Use the tools to gather every number you need; do not guess prices. Finish with a one-line answer. Task: Find the cheaper of the two routes Tunis->Cusco->Lisbon and Tunis->Osaka->Lisbon (sum the two legs of each), then add 3 hotel nights in Lisbon. Report the total in USD."
ollama_llama8b/real-healthy-085,4,0,,,-3.6701166176838913,0.19494708986619208,,,82088.54571536908,61945.68285923214,"text:You are a booking assistant. Use the tools to gather every number you need; do not guess prices. Finish with a one-line answer. Task: Find the cheaper of the two routes Tunis->Cusco->Lisbon and Tunis->Osaka->Lisbon (sum the two legs of each), then add 3 hotel nights in Lisbon. Report the total in USD."
ollama_llama8b/real-healthy-092,4,0,,,-3.6701166176838913,0.19494708986619208,,,82088.54571536908,61945.68285923214,"text:You are a booking assistant. Use the tools to gather every number you need; do not guess prices. Finish with a one-line answer. Task: Find the cheaper of the two routes Tunis->Cusco->Lisbon and Tunis->Osaka->Lisbon (sum the two legs of each), then add 3 hotel nights in Lisbon. Report the total in USD."
ollama_llama8b/real-healthy-099,4,0,,,-3.613802210169215,0.2744165722127616,,,85858.44388708055,64116.33812258107,"text:You are a booking assistant. Use the tools to gather every number you need; do not guess prices. Finish with a one-line answer. Task: Price a two-city trip: flight Lisbon->Prague, 2 hotel nights in Prague, flight Prague->Lisbon. Use the calculator for the total."
ollama_llama8b/real-healthy-100,4,0,,,-3.674766683531741,-0.5885648186547064,,,81777.25282405033,40544.58399828212,"text:You are a booking assistant. Use the tools to gather every number you need; do not guess prices. Finish with a one-line answer. Task: Find the cheaper of the two routes Osaka->Prague->Cusco and Osaka->Bergen->Cusco (sum the two legs of each), then add 3 hotel nights in Cusco. Report the total in USD."
ollama_llama8b/real-healthy-109,4,0,,,-3.6054103416254577,-0.5667695376102285,,,86420.22711941073,41139.90738681313,"text:You are a booking assistant. Use the tools to gather every number you need; do not guess prices. Finish with a one-line answer. Task: Price a two-city trip: flight Bergen->Prague, 2 hotel nights in Prague, flight Prague->Bergen. Use the calculator for the total."
ollama_llama8b/real-healthy-116,4,0,,,-3.6054103416254577,-0.5667695376102285,,,86420.22711941073,41139.90738681313,"text:You are a booking assistant. Use the tools to gather every number you need; do not guess prices. Finish with a one-line answer. Task: Price a two-city trip: flight Bergen->Prague, 2 hotel nights in Prague, flight Prague->Bergen. Use the calculator for the total."
ollama_llama8b/real-healthy-123,4,0,,,-3.6054103416254577,-0.5667695376102285,,,86420.22711941073,41139.90738681313,"text:You are a booking assistant. Use the tools to gather every number you need; do not guess prices. Finish with a one-line answer. Task: Price a two-city trip: flight Bergen->Prague, 2 hotel nights in Prague, flight Prague->Bergen. Use the calculator for the total."
ollama_llama8b/real-healthy-130,4,0,,,-3.6054103416254577,-0.5667695376102285,,,86420.22711941073,41139.90738681313,"text:You are a booking assistant. Use the tools to gather every number you need; do not guess prices. Finish with a one-line answer. Task: Price a two-city trip: flight Bergen->Prague, 2 hotel nights in Prague, flight Prague->Bergen. Use the calculator for the total."
ollama_llama8b/real-tool_cascade-054,4,1,tool_cascade,2.0,-2.7812674180928623,-0.6564663152528754,,,141591.453059145,38689.9004565257,"text:You are a booking assistant. Use the tools to gather every number you need; do not guess prices. Finish with a one-line answer. Task: Find the cheaper of the two routes Tunis->Bergen->Cusco and Tunis->Osaka->Cusco (sum the two legs of each), then add 3 hotel nights in Cusco. Report the total in USD."
ollama_llama8b/real-looping-054,4,1,looping,2.0,-3.362904514609418,-0.10428705549166313,,,102654.4789608935,53772.30418083451,"text:You are a booking assistant. Use the tools to gather every number you need; do not guess prices. Finish with a one-line answer. Task: Find the cheaper of the two routes Tunis->Bergen->Cusco and Tunis->Osaka->Cusco (sum the two legs of each), then add 3 hotel nights in Cusco. Report the total in USD."
ollama_llama8b/real-goal_drift-047,4,1,goal_drift,2.0,-4.174339772434568,-1.296951403337416,,,48333.95194229651,21195.482643607498,"text:You are a booking assistant. Use the tools to gather every number you need; do not guess prices. Finish with a one-line answer. Task: Find the cheaper of the two routes Tunis->Bergen->Cusco and Tunis->Osaka->Cusco (sum the two legs of each), then add 3 hotel nights in Cusco. Report the total in USD."
ollama_llama8b/real-goal_drift-054,4,1,goal_drift,2.0,-4.174339772434568,-1.296951403337416,,,48333.95194229651,21195.482643607498,"text:You are a booking assistant. Use the tools to gather every number you need; do not guess prices. Finish with a one-line answer. Task: Find the cheaper of the two routes Tunis->Bergen->Cusco and Tunis->Osaka->Cusco (sum the two legs of each), then add 3 hotel nights in Cusco. Report the total in USD."
